review_text,sentiment
"Superb product quality, exceeded my expectations.",positive
"Packaging was sufficient, no issues noted. It's okay.",neutral
Easy checkout process and fast payment processing.,positive
"The product exceeded my expectations, highly recommend! Highly recommend!",positive
Customer service was unhelpful and rude.,negative
"Poor quality, did not meet my expectations at all.",negative
"Everything arrived on time, excellent service! Very satisfied with this.",positive
"Product quality is standard, nothing extraordinary.",neutral
"The product is okay, not great but not bad either.",neutral
"Highly satisfied, will definitely recommend. Very satisfied with this.",positive
"Service was fine, not exceptional.",neutral
"Excellent quality, will buy again!",positive
"Poor design and material, waste of money. Would not buy again.",negative
"Item was defective, completely unusable.",negative
Prices are ridiculously high for this poor quality. Extremely disappointing.,negative
Product matches the description perfectly.,positive
"Order arrived on time, product is average. Nothing special.",neutral
Impressed by the overall experience. Highly recommend!,positive
"Staff provided basic assistance, nothing extra.",neutral
Process was smooth but standard. Nothing special.,neutral
"Service was standard, nothing stood out.",neutral
"Delivery was normal, no delays or surprises. It's okay.",neutral
"Transaction went smoothly, nothing noteworthy.",neutral
"The product is okay, not great but not bad either. It's okay.",neutral
"Delivery was okay, arrived on time but packaging was average. Nothing special.",neutral
"Average quality, meets basic expectations.",neutral
"Everything arrived on time, excellent service! Highly recommend!",positive
Staff were unhelpful and rude.,negative
Fast delivery and the packaging was excellent.,positive
"Product meets functional requirements, neutral quality. It's okay.",neutral
"Product arrived as described, average satisfaction. It's okay.",neutral
"Poor design and material, waste of money.",negative
Impressed by the overall experience.,positive
Very dissatisfied with the item and delivery.,negative
"Item was defective, completely unusable.",negative
"Excellent quality, will buy again! Very satisfied with this.",positive
"High quality, exactly as described, very satisfied.",positive
"Service was standard, nothing stood out. It's okay.",neutral
"Highly satisfied, will definitely recommend. Very satisfied with this.",positive
"Average quality, meets basic expectations. Nothing special.",neutral
"Packaging was insufficient, item damaged. Would not buy again.",negative
"Great value for the price, very happy. Very satisfied with this.",positive
Everything was seamless and efficient.,positive
Impressed by the overall experience.,positive
"The product is okay, not great but not bad either. Nothing special.",neutral
Customer service was unhelpful and rude. Would not buy again.,negative
"Absolutely love this product, works perfectly every time!",positive
"Product meets functional requirements, neutral quality. Nothing special.",neutral
"Fresh and well-packaged items, very happy with my order. Highly recommend!",positive
Product matches the description perfectly. Highly recommend!,positive
"Product performs as expected, nothing more to note. It's okay.",neutral
Highly recommend to anyone looking for this item.,positive
Process was smooth but standard. Nothing special.,neutral
"Great value for the price, very happy. Highly recommend!",positive
Received expired or spoiled items.,negative
"Amazing customer service, solved my issue in minutes. Very satisfied with this.",positive
"Service was fine, not exceptional. Nothing special.",neutral
"Product arrived as described, average satisfaction. It's okay.",neutral
Staff were unhelpful and rude. Extremely disappointing.,negative
"Extremely disappointed, will not buy again. Extremely disappointing.",negative
"Packaging was insufficient, item damaged. Extremely disappointing.",negative
"The checkout process was fine, no issues.",neutral
Very impressed with the quality and care.,positive
Product does not match description at all.,negative
The product met expectations adequately. Nothing special.,neutral
Quality is subpar and disappointing. Would not buy again.,negative
"Usable item, nothing particularly impressive. It's okay.",neutral
"Extremely disappointed with the service, very slow response. Would not buy again.",negative
"Poor design and material, waste of money. Extremely disappointing.",negative
"Packaging was insufficient, item damaged.",negative
"The product is okay, not great but not bad either.",neutral
"Delivery was okay, arrived on time but packaging was average. Nothing special.",neutral
"Neutral experience, not memorable. Nothing special.",neutral
"Highly satisfied, will definitely recommend.",positive
The team was very attentive and supportive.,positive
"Great value for the price, very happy. Highly recommend!",positive
Very impressed with the quality and care.,positive
"Received wrong item, very frustrating experience.",negative
The product met expectations adequately.,neutral
"Staff was polite, but it took a while to get assistance.",neutral
"Product meets functional requirements, neutral quality. It's okay.",neutral
"Item broke within days, completely unacceptable.",negative
"Absolutely love this product, works perfectly every time!",positive
Customer service was unhelpful and rude. Extremely disappointing.,negative
"Store is clean and organized, shopping was a breeze. Highly recommend!",positive
The packaging was damaged and items were missing.,negative
Quality is subpar and disappointing.,negative
"Store is clean and organized, shopping was a breeze. Very satisfied with this.",positive
Product failed to work immediately upon arrival.,negative
"Delivery was normal, no delays or surprises. It's okay.",neutral
"Product performs as expected, nothing more to note. Nothing special.",neutral
Process was smooth but standard. Nothing special.,neutral
"Product performs as expected, nothing more to note.",neutral
Very impressed with the quality and care.,positive
"The checkout process was fine, no issues.",neutral
"Product quality is standard, nothing extraordinary. Nothing special.",neutral
Received expired or spoiled items. Extremely disappointing.,negative
"Delivery took too long, completely unacceptable. Would not buy again.",negative
"Product quality is standard, nothing extraordinary.",neutral
"Delivery took too long, completely unacceptable.",negative
Product failed to work immediately upon arrival. Would not buy again.,negative
Very impressed with the quality and care.,positive
"Usable item, nothing particularly impressive.",neutral
"The food was stale and tasteless, very unhappy. Would not buy again.",negative
"Love the new features, makes my life so much easier.",positive
Extremely dissatisfied with the purchase. Extremely disappointing.,negative
"Staff was courteous, average experience overall. Nothing special.",neutral
"Staff ignored my complaints, very bad experience.",negative
"Poor quality, did not meet my expectations at all.",negative
"The product arrived broken and unusable, very disappointed. Extremely disappointing.",negative
The packaging was damaged and items were missing.,negative
Product arrived quickly and in perfect condition.,positive
The team was very attentive and supportive.,positive
"Love the new features, makes my life so much easier. Very satisfied with this.",positive
"Absolutely love this product, works perfectly every time!",positive
The packaging was damaged and items were missing. Extremely disappointing.,negative
Customer service was outstanding and quick. Highly recommend!,positive
Order arrived early and product is perfect. Highly recommend!,positive
The product met expectations adequately.,neutral
Very dissatisfied with the product and delivery. Extremely disappointing.,negative
Easy checkout process and fast payment processing.,positive
"Order arrived on time, product is average.",neutral
"Fresh and well-packaged items, very happy with my order. Highly recommend!",positive
Friendly staff and smooth shopping experience. Highly recommend!,positive
Very unhappy with the service and quality.,negative
"Poor quality, did not meet my expectations at all.",negative
Product does not match description at all. Extremely disappointing.,negative
"Extremely disappointed, will not buy again. Would not buy again.",negative
"Received wrong item, very frustrating experience. Extremely disappointing.",negative
Delivery was messy and product was faulty. Would not buy again.,negative
"Service was terrible, very frustrated. Extremely disappointing.",negative
"Excellent quality, will buy again! Very satisfied with this.",positive
"Product meets functional requirements, neutral quality. Nothing special.",neutral
"Excellent quality, will buy again!",positive
Staff were unhelpful and rude. Extremely disappointing.,negative
"Product is fantastic, couldn't be happier.",positive
"Item was defective, completely unusable. Would not buy again.",negative
"Satisfactory service, neither good nor bad.",neutral
"Product performs as expected, nothing more to note. Nothing special.",neutral
"Staff ignored my complaints, very bad experience. Would not buy again.",negative
"Transaction went smoothly, nothing noteworthy.",neutral
"Delivery was normal, no delays or surprises. It's okay.",neutral
Delivery was messy and product was faulty. Would not buy again.,negative
"Everything arrived on time, excellent service!",positive
"Packaging was fine, no damages but nothing impressive.",neutral
"Superb product quality, exceeded my expectations.",positive
"Staff provided basic assistance, nothing extra. It's okay.",neutral
"Store is clean and organized, shopping was a breeze. Very satisfied with this.",positive
"Quality is terrible, not worth the price.",negative
Friendly staff and smooth shopping experience. Very satisfied with this.,positive
"The checkout process was fine, no issues. Nothing special.",neutral
Product failed to work immediately upon arrival.,negative
Customer service was outstanding and quick. Highly recommend!,positive
Item functions properly but nothing remarkable.,neutral
"Poor design and material, waste of money.",negative
"Delivery took too long, completely unacceptable.",negative
"It’s acceptable, does the job but nothing exceptional. Nothing special.",neutral
"Product stopped working after a week, waste of money. Would not buy again.",negative
Extremely dissatisfied with the purchase. Extremely disappointing.,negative
"Great value for the price, very happy.",positive
"Superb product quality, exceeded my expectations. Very satisfied with this.",positive
Fast delivery and the packaging was excellent. Very satisfied with this.,positive
The team was very attentive and supportive.,positive
Product failed to work immediately upon arrival.,negative
Product matches the description perfectly.,positive
"Product quality is standard, nothing extraordinary.",neutral
"Delivery was okay, arrived on time but packaging was average.",neutral
"Item works okay, nothing stood out. It's okay.",neutral
"Great value for the price, very happy. Highly recommend!",positive
Item functions properly but nothing remarkable. It's okay.,neutral
"Packaging was insufficient, item damaged.",negative
"Staff was courteous, average experience overall. Nothing special.",neutral
Impressed by the overall experience.,positive
Impressed by the overall experience.,positive
"The product works fine, nothing special about it. Nothing special.",neutral
Extremely dissatisfied with the purchase.,negative
Easy checkout process and fast payment processing.,positive
"Satisfactory service, neither good nor bad. It's okay.",neutral
"Highly satisfied, will definitely recommend.",positive
"Neutral experience, not memorable.",neutral
Everything was seamless and efficient. Highly recommend!,positive
"Fast response to questions, very helpful. Highly recommend!",positive
"Delivery was okay, arrived on time but packaging was average.",neutral
Delivery was messy and product was faulty. Would not buy again.,negative
"App is buggy and crashes constantly, frustrating experience.",negative
Product matches the description perfectly.,positive
"Delivery was normal, no delays or surprises. Nothing special.",neutral
"App is buggy and crashes constantly, frustrating experience. Would not buy again.",negative
"Service was standard, nothing stood out.",neutral
"Service was terrible, very frustrated. Would not buy again.",negative
"Item works as expected, very satisfied. Very satisfied with this.",positive
"Delivery took too long, completely unacceptable. Would not buy again.",negative
"Satisfactory service, neither good nor bad.",neutral
"Delivery was okay, arrived on time but packaging was average. It's okay.",neutral
"Average quality, meets basic expectations.",neutral
"The product works fine, nothing special about it.",neutral
"Satisfactory service, neither good nor bad. It's okay.",neutral
Shipment was delayed and poorly handled. Extremely disappointing.,negative
"Store is clean and organized, shopping was a breeze.",positive
"The product works fine, nothing special about it. Nothing special.",neutral
Very dissatisfied with the product and delivery.,negative
"Amazing customer service, solved my issue in minutes. Highly recommend!",positive
"Staff provided basic assistance, nothing extra. It's okay.",neutral
"Staff was polite, but it took a while to get assistance. Nothing special.",neutral
"Staff was rude and unhelpful, would not return.",negative
"Service was standard, nothing stood out.",neutral
"Very pleased with my purchase, top-notch! Highly recommend!",positive
"The product works fine, nothing special about it.",neutral
"Order arrived on time, product is average. Nothing special.",neutral
"Staff was polite, but it took a while to get assistance. It's okay.",neutral
"High quality, exactly as described, very satisfied. Very satisfied with this.",positive
"Item works as expected, very satisfied.",positive
"Service was terrible, very frustrated. Would not buy again.",negative
"Product arrived as described, average satisfaction.",neutral
"App is buggy and crashes constantly, frustrating experience. Extremely disappointing.",negative
"Extremely disappointed with the service, very slow response.",negative
"Item broke within days, completely unacceptable. Extremely disappointing.",negative
Product failed to work immediately upon arrival. Extremely disappointing.,negative
Product arrived quickly and in perfect condition. Very satisfied with this.,positive
Packaging was secure and items arrived perfect.,positive
Customer service was outstanding and quick. Very satisfied with this.,positive
"Great value for the price, very happy.",positive
"Staff provided basic assistance, nothing extra.",neutral
"Product quality is standard, nothing extraordinary.",neutral
"Love the new features, makes my life so much easier.",positive
"Item broke within days, completely unacceptable. Extremely disappointing.",negative
Product matches the description perfectly.,positive
"Item works okay, nothing stood out.",neutral
The packaging was damaged and items were missing.,negative
"Service was terrible, very frustrated. Would not buy again.",negative
"Excellent quality, will buy again! Very satisfied with this.",positive
"Service was standard, nothing stood out.",neutral
"Item was defective, completely unusable.",negative
"Packaging was sufficient, no issues noted. It's okay.",neutral
Fast delivery and the packaging was excellent.,positive
"The food was stale and tasteless, very unhappy. Would not buy again.",negative
"The product works fine, nothing special about it.",neutral
"Packaging was sufficient, no issues noted. Nothing special.",neutral
Staff were unhelpful and rude.,negative
"Amazing customer service, solved my issue in minutes. Highly recommend!",positive
Item functions properly but nothing remarkable.,neutral
"Service was standard, nothing stood out. Nothing special.",neutral
"Adequate product, standard experience.",neutral
"Transaction went smoothly, nothing noteworthy. Nothing special.",neutral
"Fresh and well-packaged items, very happy with my order. Very satisfied with this.",positive
Nothing unusual or remarkable in this purchase. It's okay.,neutral
Everything was seamless and efficient.,positive
"Received what I expected, average quality. It's okay.",neutral
"Great value for the price, very happy. Very satisfied with this.",positive
Packaging was secure and items arrived perfect.,positive
"Great value for the price, very happy.",positive
"Product meets functional requirements, neutral quality.",neutral
"The product exceeded my expectations, highly recommend! Very satisfied with this.",positive
"Amazing customer service, solved my issue in minutes. Highly recommend!",positive
"Satisfactory service, neither good nor bad. Nothing special.",neutral
The staff was friendly and helped me choose the right item.,positive
The staff was friendly and helped me choose the right item.,positive
"The product is okay, not great but not bad either.",neutral
"It’s acceptable, does the job but nothing exceptional. It's okay.",neutral
"The product exceeded my expectations, highly recommend!",positive
Easy checkout process and fast payment processing. Very satisfied with this.,positive
"Satisfactory service, neither good nor bad.",neutral
"Transaction went smoothly, nothing noteworthy.",neutral
"Order arrived on time, product is average.",neutral
"Product is fantastic, couldn't be happier. Very satisfied with this.",positive
"Item broke within days, completely unacceptable. Extremely disappointing.",negative
"Service was standard, nothing stood out.",neutral
"Superb product quality, exceeded my expectations. Highly recommend!",positive
"Delivery was normal, no delays or surprises.",neutral
"Quality is terrible, not worth the price. Extremely disappointing.",negative
"Poor quality, did not meet my expectations at all. Would not buy again.",negative
"Service was standard, nothing stood out. Nothing special.",neutral
"Staff was rude and unhelpful, would not return. Would not buy again.",negative
"App is buggy and crashes constantly, frustrating experience.",negative
"High quality, exactly as described, very satisfied. Very satisfied with this.",positive
"Item works as expected, very satisfied. Very satisfied with this.",positive
"Packaging was sufficient, no issues noted. Nothing special.",neutral
Very unhappy with the service and quality. Would not buy again.,negative
Received expired or spoiled items. Would not buy again.,negative
"Staff provided basic assistance, nothing extra. Nothing special.",neutral
"Poor design and material, waste of money.",negative
"The item arrived broken and unusable, very disappointed.",negative
"The checkout process was fine, no issues.",neutral
Nothing unusual or remarkable in this purchase.,neutral
"Product quality is standard, nothing extraordinary. It's okay.",neutral
Highly recommend to anyone looking for this item. Very satisfied with this.,positive
"Adequate product, standard experience. It's okay.",neutral
"It’s acceptable, does the job but nothing exceptional.",neutral
"Staff ignored my complaints, very bad experience.",negative
Received expired or spoiled items. Would not buy again.,negative
"Fresh and well-packaged items, very happy with my order.",positive
"Packaging was sufficient, no issues noted. It's okay.",neutral
"Fast response to questions, very helpful. Very satisfied with this.",positive
"Great value for the price, very happy. Very satisfied with this.",positive
Everything was seamless and efficient.,positive
"The food was stale and tasteless, very unhappy.",negative
"The product arrived broken and unusable, very disappointed. Would not buy again.",negative
"High quality, exactly as described, very satisfied. Highly recommend!",positive
"Product arrived as described, average satisfaction.",neutral
"Product arrived as described, average satisfaction. It's okay.",neutral
"Poor quality, did not meet my expectations at all.",negative
Friendly staff and smooth shopping experience. Very satisfied with this.,positive
Product does not match description at all. Extremely disappointing.,negative
"Transaction went smoothly, nothing noteworthy. It's okay.",neutral
"The product arrived broken and unusable, very disappointed. Extremely disappointing.",negative
The packaging was damaged and items were missing. Extremely disappointing.,negative
"Extremely disappointed with the service, very slow response. Would not buy again.",negative
Customer service was outstanding and quick.,positive
"Item works okay, nothing stood out.",neutral
"Product quality is standard, nothing extraordinary. It's okay.",neutral
"Average quality, meets basic expectations. It's okay.",neutral
"Product stopped working after a week, waste of money.",negative
Customer service was unhelpful and rude. Would not buy again.,negative
Item functions properly but nothing remarkable. It's okay.,neutral
Friendly staff and smooth shopping experience.,positive
Very unhappy with the service and quality.,negative
Friendly staff and smooth shopping experience.,positive
"Service was standard, nothing stood out. Nothing special.",neutral
Shipment was delayed and poorly handled. Would not buy again.,negative
"Staff was rude and unhelpful, would not return. Would not buy again.",negative
"Adequate product, standard experience.",neutral
"Product quality is standard, nothing extraordinary.",neutral
"Poor design and material, waste of money. Extremely disappointing.",negative
Prices are ridiculously high for this poor quality.,negative
Product matches the description perfectly.,positive
"The product works fine, nothing special about it. It's okay.",neutral
"Fresh and well-packaged items, very happy with my order.",positive
"Very pleased with my purchase, top-notch! Highly recommend!",positive
"The product arrived broken and unusable, very disappointed. Extremely disappointing.",negative
"Neutral experience, not memorable.",neutral
"Usable item, nothing particularly impressive. Nothing special.",neutral
Very impressed with the quality and care. Highly recommend!,positive
"Packaging was fine, no damages but nothing impressive. It's okay.",neutral
"Extremely disappointed, will not buy again. Extremely disappointing.",negative
"Product stopped working after a week, waste of money.",negative
"Extremely disappointed with the service, very slow response. Extremely disappointing.",negative
Received expired or spoiled items.,negative
"Quality is terrible, not worth the price. Extremely disappointing.",negative
"Everything arrived on time, excellent service! Very satisfied with this.",positive
"Highly satisfied, will definitely recommend.",positive
"App is buggy and crashes constantly, frustrating experience.",negative
"Fast response to questions, very helpful. Very satisfied with this.",positive
Delivery was messy and product was faulty. Would not buy again.,negative
"Fast response to questions, very helpful.",positive
"Service was standard, nothing stood out. Nothing special.",neutral
"Average quality, meets basic expectations.",neutral
"Poor design and material, waste of money. Would not buy again.",negative
Product matches the description perfectly. Very satisfied with this.,positive
"Staff ignored my complaints, very bad experience.",negative
Impressed by the overall experience. Very satisfied with this.,positive
"Product is fantastic, couldn't be happier. Very satisfied with this.",positive
"Staff provided basic assistance, nothing extra. Nothing special.",neutral
"Great value for the price, very happy. Very satisfied with this.",positive
Highly recommend to anyone looking for this item. Very satisfied with this.,positive
"Superb item quality, exceeded my expectations.",positive
Very impressed with the quality and care. Very satisfied with this.,positive
Everything was seamless and efficient.,positive
"Delivery was normal, no delays or surprises.",neutral
"Delivery was okay, arrived on time but packaging was average.",neutral
"Received what I expected, average quality.",neutral
Easy checkout process and fast payment processing. Very satisfied with this.,positive
"Fast response to questions, very helpful.",positive
The packaging was damaged and items were missing.,negative
Delivery was messy and item was faulty.,negative
"Delivery was normal, no delays or surprises. It's okay.",neutral
Process was smooth but standard. It's okay.,neutral
"Love the new features, makes my life so much easier. Highly recommend!",positive
"Item broke within days, completely unacceptable.",negative
"Order arrived on time, product is average. It's okay.",neutral
Highly recommend to anyone looking for this item.,positive
"Service was fine, not exceptional.",neutral
Packaging was secure and items arrived perfect.,positive
Extremely dissatisfied with the purchase. Extremely disappointing.,negative
"Very pleased with my purchase, top-notch! Very satisfied with this.",positive
"Packaging was sufficient, no issues noted.",neutral
"Very pleased with my purchase, top-notch!",positive
Easy checkout process and fast payment processing.,positive
Item functions properly but nothing remarkable.,neutral
Delivery was messy and product was faulty.,negative
"Great value for the price, very happy.",positive
"Staff was rude and unhelpful, would not return.",negative
"Excellent quality, will buy again!",positive
"Neutral experience, not memorable.",neutral
The product met expectations adequately.,neutral
Customer service was outstanding and quick. Highly recommend!,positive
"App is buggy and crashes constantly, frustrating experience. Would not buy again.",negative
"Absolutely love this product, works perfectly every time!",positive
Prices are ridiculously high for this poor quality. Extremely disappointing.,negative
Highly recommend to anyone looking for this item. Very satisfied with this.,positive
Staff were unhelpful and rude.,negative
The packaging was damaged and items were missing. Extremely disappointing.,negative
The team was very attentive and supportive.,positive
"Transaction went smoothly, nothing noteworthy. It's okay.",neutral
Product matches the description perfectly. Highly recommend!,positive
"Item broke within days, completely unacceptable.",negative
"It’s acceptable, does the job but nothing exceptional. It's okay.",neutral
"Item was defective, completely unusable. Extremely disappointing.",negative
"Quality is terrible, not worth the price. Extremely disappointing.",negative
"Item works okay, nothing stood out.",neutral
"Product performs as expected, nothing more to note.",neutral
Nothing unusual or remarkable in this purchase. Nothing special.,neutral
"Usable item, nothing particularly impressive.",neutral
Received expired or spoiled items.,negative
The product met expectations adequately.,neutral
"Store is clean and organized, shopping was a breeze.",positive
Highly recommend to anyone looking for this item. Very satisfied with this.,positive
"Neutral experience, not memorable. Nothing special.",neutral
Staff were unhelpful and rude. Would not buy again.,negative
"Extremely disappointed, will not buy again. Extremely disappointing.",negative
"Everything arrived on time, excellent service!",positive
The staff was friendly and helped me choose the right item. Very satisfied with this.,positive
"Neutral experience, not memorable. It's okay.",neutral
Product arrived quickly and in perfect condition. Very satisfied with this.,positive
"Poor design and material, waste of money.",negative
Order arrived early and product is perfect. Very satisfied with this.,positive
"Transaction went smoothly, nothing noteworthy.",neutral
"Very pleased with my purchase, top-notch!",positive
"Fast response to questions, very helpful.",positive
"Love the new features, makes my life so much easier.",positive
"Staff provided basic assistance, nothing extra. Nothing special.",neutral
"Superb product quality, exceeded my expectations.",positive
"Staff was rude and unhelpful, would not return.",negative
"Product arrived as described, average satisfaction. Nothing special.",neutral
"Product meets functional requirements, neutral quality. It's okay.",neutral
Received expired or spoiled items. Would not buy again.,negative
"Quality is terrible, not worth the price. Would not buy again.",negative
"Item works as expected, very satisfied.",positive
"Very pleased with my purchase, top-notch!",positive
Packaging was secure and items arrived perfect.,positive
Everything was seamless and efficient.,positive
"App is buggy and crashes constantly, frustrating experience.",negative
Fast delivery and the packaging was excellent.,positive
"Staff was rude and unhelpful, would not return. Extremely disappointing.",negative
"Absolutely love this product, works perfectly every time!",positive
"Packaging was sufficient, no issues noted. Nothing special.",neutral
Packaging was secure and items arrived perfect. Highly recommend!,positive
"Store is clean and organized, shopping was a breeze. Very satisfied with this.",positive
"Product arrived as described, average satisfaction. Nothing special.",neutral
Product arrived quickly and in perfect condition. Very satisfied with this.,positive
"Product arrived as described, average satisfaction.",neutral
"Service was fine, not exceptional. Nothing special.",neutral
"Service was terrible, very frustrated. Extremely disappointing.",negative
Item functions properly but nothing remarkable.,neutral
Process was smooth but standard.,neutral
"Product is fantastic, couldn't be happier. Very satisfied with this.",positive
"Item was defective, completely unusable.",negative
Process was smooth but standard.,neutral
"Product meets functional requirements, neutral quality. Nothing special.",neutral
"Order arrived on time, product is average.",neutral
"The food was stale and tasteless, very unhappy. Extremely disappointing.",negative
"Average quality, meets basic expectations. Nothing special.",neutral
"Quality is terrible, not worth the price. Extremely disappointing.",negative
"Packaging was fine, no damages but nothing impressive. It's okay.",neutral
"Staff was rude and unhelpful, would not return.",negative
"Staff ignored my complaints, very bad experience.",negative
"Staff was polite, but it took a while to get assistance. Nothing special.",neutral
"Delivery was normal, no delays or surprises.",neutral
The team was very attentive and supportive. Very satisfied with this.,positive
"Product stopped working after a week, waste of money.",negative
Fast delivery and the packaging was excellent.,positive
"The product arrived broken and unusable, very disappointed. Would not buy again.",negative
"Everything arrived on time, excellent service! Very satisfied with this.",positive
"App is buggy and crashes constantly, frustrating experience. Would not buy again.",negative
Nothing unusual or remarkable in this purchase. Nothing special.,neutral
"Average quality, meets basic expectations.",neutral
"Delivery was normal, no delays or surprises. It's okay.",neutral
"Product arrived as described, average satisfaction. It's okay.",neutral
"Staff was polite, but it took a while to get assistance.",neutral
"Absolutely love this product, works perfectly every time!",positive
Staff were unhelpful and rude.,negative
"Very pleased with my purchase, top-notch! Very satisfied with this.",positive
"Product performs as expected, nothing more to note.",neutral
Easy checkout process and fast payment processing. Very satisfied with this.,positive
Delivery was messy and product was faulty.,negative
Delivery was messy and product was faulty.,negative
Process was smooth but standard. It's okay.,neutral
Delivery was messy and item was faulty.,negative
Product failed to work immediately upon arrival.,negative
"The product exceeded my expectations, highly recommend! Highly recommend!",positive
Item functions properly but nothing remarkable. Nothing special.,neutral
"Adequate product, standard experience. It's okay.",neutral
"Satisfactory service, neither good nor bad. Nothing special.",neutral
Staff were unhelpful and rude.,negative
"Love the new features, makes my life so much easier.",positive
"Excellent quality, will buy again!",positive
"Staff was rude and unhelpful, would not return. Would not buy again.",negative
"Transaction went smoothly, nothing noteworthy. It's okay.",neutral
"The checkout process was fine, no issues.",neutral
Shipment was delayed and poorly handled.,negative
"Received what I expected, average quality. Nothing special.",neutral
Order arrived early and product is perfect. Highly recommend!,positive
"The product is okay, not great but not bad either. It's okay.",neutral
"Poor design and material, waste of money. Would not buy again.",negative
"Extremely disappointed with the service, very slow response.",negative
Received expired or spoiled items. Extremely disappointing.,negative
"Poor design and material, waste of money.",negative
"Amazing customer service, solved my issue in minutes.",positive
"Extremely disappointed, will not buy again. Extremely disappointing.",negative
"App is buggy and crashes constantly, frustrating experience.",negative
"Packaging was fine, no damages but nothing impressive. Nothing special.",neutral
Product failed to work immediately upon arrival.,negative
Very dissatisfied with the product and delivery. Extremely disappointing.,negative
"Packaging was sufficient, no issues noted. Nothing special.",neutral
"Item works okay, nothing stood out.",neutral
"Delivery was normal, no delays or surprises. Nothing special.",neutral
Item functions properly but nothing remarkable. Nothing special.,neutral
"Superb product quality, exceeded my expectations.",positive
Extremely dissatisfied with the purchase. Extremely disappointing.,negative
"Staff was rude and unhelpful, would not return.",negative
"Extremely disappointed with the service, very slow response.",negative
"Product meets functional requirements, neutral quality.",neutral
"Product performs as expected, nothing more to note.",neutral
Easy checkout process and fast payment processing.,positive
Customer service was outstanding and quick.,positive
"Order arrived on time, product is average.",neutral
"Service was fine, not exceptional.",neutral
"Delivery was normal, no delays or surprises. Nothing special.",neutral
Packaging was secure and items arrived perfect. Highly recommend!,positive
Order arrived early and item is perfect.,positive
"Amazing customer service, solved my issue in minutes.",positive
"Amazing customer service, solved my issue in minutes. Very satisfied with this.",positive
"The product is okay, not great but not bad either. It's okay.",neutral
The packaging was damaged and items were missing. Extremely disappointing.,negative
"High quality, exactly as described, very satisfied. Highly recommend!",positive
Customer service was unhelpful and rude.,negative
"Received wrong item, very frustrating experience.",negative
"The product is okay, not great but not bad either.",neutral
"Product performs as expected, nothing more to note. Nothing special.",neutral
"Received what I expected, average quality. Nothing special.",neutral
"Staff provided basic assistance, nothing extra.",neutral
"Staff provided basic assistance, nothing extra.",neutral
"Great value for the price, very happy. Highly recommend!",positive
Order arrived early and item is perfect.,positive
"Staff was rude and unhelpful, would not return. Extremely disappointing.",negative
"The item arrived broken and unusable, very disappointed.",negative
"Product quality is standard, nothing extraordinary.",neutral
Product failed to work immediately upon arrival. Extremely disappointing.,negative
"Product meets functional requirements, neutral quality. It's okay.",neutral
Received expired or spoiled items.,negative
The product met expectations adequately.,neutral
Packaging was secure and items arrived perfect. Very satisfied with this.,positive
Customer service was outstanding and quick.,positive
Item functions properly but nothing remarkable.,neutral
Everything was seamless and efficient. Highly recommend!,positive
"Quality is terrible, not worth the price. Would not buy again.",negative
Product matches the description perfectly.,positive
"Product stopped working after a week, waste of money. Extremely disappointing.",negative
The team was very attentive and supportive. Very satisfied with this.,positive
"Product meets functional requirements, neutral quality. It's okay.",neutral
Easy checkout process and fast payment processing. Very satisfied with this.,positive
Product does not match description at all.,negative
Customer service was outstanding and quick. Very satisfied with this.,positive
"Poor quality, did not meet my expectations at all.",negative
"Packaging was insufficient, item damaged.",negative
Customer service was unhelpful and rude. Extremely disappointing.,negative
"Staff was rude and unhelpful, would not return. Extremely disappointing.",negative
"Great value for the price, very happy.",positive
"Packaging was sufficient, no issues noted.",neutral
"Fresh and well-packaged items, very happy with my order.",positive
Easy checkout process and fast payment processing. Highly recommend!,positive
"Product quality is standard, nothing extraordinary.",neutral
"Quality is terrible, not worth the price. Extremely disappointing.",negative
"Transaction went smoothly, nothing noteworthy. Nothing special.",neutral
"App is buggy and crashes constantly, frustrating experience. Would not buy again.",negative
"Absolutely love this item, works perfectly every time!",positive
"The item arrived broken and unusable, very disappointed.",negative
Friendly staff and smooth shopping experience.,positive
"Amazing customer service, solved my issue in minutes.",positive
Customer service was outstanding and quick. Very satisfied with this.,positive
Packaging was secure and items arrived perfect.,positive
"Fast response to questions, very helpful. Highly recommend!",positive
"Received wrong item, very frustrating experience. Would not buy again.",negative
"Usable item, nothing particularly impressive. It's okay.",neutral
Nothing unusual or remarkable in this purchase.,neutral
"It’s acceptable, does the job but nothing exceptional.",neutral
"Average quality, meets basic expectations. Nothing special.",neutral
"Transaction went smoothly, nothing noteworthy. Nothing special.",neutral
"The product is okay, not great but not bad either. It's okay.",neutral
"Quality is terrible, not worth the price. Extremely disappointing.",negative
"Poor quality, did not meet my expectations at all.",negative
The staff was friendly and helped me choose the right item.,positive
"Amazing customer service, solved my issue in minutes. Highly recommend!",positive
"Item broke within days, completely unacceptable.",negative
"Everything arrived on time, excellent service!",positive
"Usable item, nothing particularly impressive. Nothing special.",neutral
"Staff ignored my complaints, very bad experience. Would not buy again.",negative
Prices are ridiculously high for this poor quality.,negative
"Product stopped working after a week, waste of money. Extremely disappointing.",negative
"Staff was courteous, average experience overall. It's okay.",neutral
"Packaging was sufficient, no issues noted. Nothing special.",neutral
"Service was fine, not exceptional. Nothing special.",neutral
"The product arrived broken and unusable, very disappointed. Extremely disappointing.",negative
"The product exceeded my expectations, highly recommend!",positive
Fast delivery and the packaging was excellent. Very satisfied with this.,positive
The team was very attentive and supportive. Very satisfied with this.,positive
"Highly satisfied, will definitely recommend. Highly recommend!",positive
Received expired or spoiled items. Would not buy again.,negative
Quality is subpar and disappointing.,negative
"Packaging was fine, no damages but nothing impressive. Nothing special.",neutral
"The product arrived broken and unusable, very disappointed.",negative
"Fast response to questions, very helpful. Highly recommend!",positive
Very dissatisfied with the item and delivery.,negative
"It’s acceptable, does the job but nothing exceptional.",neutral
"Absolutely love this product, works perfectly every time!",positive
"Everything arrived on time, excellent service! Very satisfied with this.",positive
"Fresh and well-packaged items, very happy with my order.",positive
Friendly staff and smooth shopping experience. Highly recommend!,positive
"Order arrived on time, product is average.",neutral
"Service was terrible, very frustrated.",negative
Highly recommend to anyone looking for this item.,positive
"The checkout process was fine, no issues.",neutral
Very dissatisfied with the product and delivery. Would not buy again.,negative
"Amazing customer service, solved my issue in minutes.",positive
"The product arrived broken and unusable, very disappointed. Extremely disappointing.",negative
Product matches the description perfectly.,positive
"Superb product quality, exceeded my expectations.",positive
"Store is clean and organized, shopping was a breeze.",positive
Process was smooth but standard. Nothing special.,neutral
"Usable item, nothing particularly impressive. Nothing special.",neutral
Fast delivery and the packaging was excellent. Highly recommend!,positive
Staff were unhelpful and rude. Extremely disappointing.,negative
"Poor quality, did not meet my expectations at all.",negative
"Great value for the price, very happy.",positive
"Order arrived on time, product is average. It's okay.",neutral
"Poor design and material, waste of money.",negative
"Item broke within days, completely unacceptable. Would not buy again.",negative
Quality is subpar and disappointing.,negative
"Superb product quality, exceeded my expectations. Highly recommend!",positive
"Item works as expected, very satisfied.",positive
Impressed by the overall experience. Highly recommend!,positive
"Amazing customer service, solved my issue in minutes. Highly recommend!",positive
"Fresh and well-packaged items, very happy with my order.",positive
"The product exceeded my expectations, highly recommend!",positive
"Excellent quality, will buy again! Very satisfied with this.",positive
"Received what I expected, average quality. It's okay.",neutral
Delivery was messy and product was faulty. Extremely disappointing.,negative
"The product is okay, not great but not bad either. Nothing special.",neutral
Process was smooth but standard.,neutral
Customer service was outstanding and quick.,positive
Item functions properly but nothing remarkable.,neutral
Received expired or spoiled items. Extremely disappointing.,negative
"Staff was rude and unhelpful, would not return.",negative
"The product is okay, not great but not bad either.",neutral
"Delivery was normal, no delays or surprises. It's okay.",neutral
"The item arrived broken and unusable, very disappointed.",negative
"Product arrived as described, average satisfaction.",neutral
"Item broke within days, completely unacceptable. Extremely disappointing.",negative
"Item works okay, nothing stood out. Nothing special.",neutral
"Staff ignored my complaints, very bad experience. Would not buy again.",negative
"Usable item, nothing particularly impressive.",neutral
Friendly staff and smooth shopping experience.,positive
"Service was standard, nothing stood out.",neutral
"High quality, exactly as described, very satisfied. Highly recommend!",positive
"Love the new features, makes my life so much easier.",positive
"Item broke within days, completely unacceptable. Extremely disappointing.",negative
"The product exceeded my expectations, highly recommend! Very satisfied with this.",positive
"The product exceeded my expectations, highly recommend!",positive
"Fresh and well-packaged items, very happy with my order. Highly recommend!",positive
"Neutral experience, not memorable. Nothing special.",neutral
"Service was fine, not exceptional.",neutral
"Excellent quality, will buy again! Very satisfied with this.",positive
Shipment was delayed and poorly handled.,negative
"Superb item quality, exceeded my expectations.",positive
"The food was stale and tasteless, very unhappy. Extremely disappointing.",negative
"Extremely disappointed, will not buy again.",negative
"Received what I expected, average quality. Nothing special.",neutral
"Great value for the price, very happy.",positive
"Item works okay, nothing stood out.",neutral
"Poor quality, did not meet my expectations at all. Would not buy again.",negative
Customer service was unhelpful and rude.,negative
Product does not match description at all. Would not buy again.,negative
"Very pleased with my purchase, top-notch! Highly recommend!",positive
"Superb item quality, exceeded my expectations.",positive
Product does not match description at all.,negative
"Adequate product, standard experience.",neutral
"Service was standard, nothing stood out.",neutral
"Packaging was insufficient, item damaged.",negative
"Delivery was okay, arrived on time but packaging was average.",neutral
"Poor design and material, waste of money. Would not buy again.",negative
"Service was standard, nothing stood out. Nothing special.",neutral
"Store is clean and organized, shopping was a breeze.",positive
Everything was seamless and efficient.,positive
Easy checkout process and fast payment processing. Very satisfied with this.,positive
"Staff was polite, but it took a while to get assistance.",neutral
"Delivery took too long, completely unacceptable.",negative
"Everything arrived on time, excellent service!",positive
Customer service was outstanding and quick.,positive
"Fast response to questions, very helpful. Very satisfied with this.",positive
"Item broke within days, completely unacceptable.",negative
"Product stopped working after a week, waste of money.",negative
"Product meets functional requirements, neutral quality. Nothing special.",neutral
Item functions properly but nothing remarkable.,neutral
Product does not match description at all. Extremely disappointing.,negative
"Product meets functional requirements, neutral quality.",neutral
"Delivery was normal, no delays or surprises. It's okay.",neutral
"Extremely disappointed, will not buy again.",negative
"Poor quality, did not meet my expectations at all.",negative
Nothing unusual or remarkable in this purchase. It's okay.,neutral
"Packaging was sufficient, no issues noted.",neutral
"Fast response to questions, very helpful.",positive
"Received what I expected, average quality. Nothing special.",neutral
"Product is fantastic, couldn't be happier.",positive
"Received what I expected, average quality. Nothing special.",neutral
Everything was seamless and efficient.,positive
"Service was terrible, very frustrated. Would not buy again.",negative
"Staff provided basic assistance, nothing extra. It's okay.",neutral
Product matches the description perfectly. Highly recommend!,positive
"High quality, exactly as described, very satisfied.",positive
"High quality, exactly as described, very satisfied.",positive
"Fresh and well-packaged items, very happy with my order. Very satisfied with this.",positive
The product met expectations adequately.,neutral
"Fast response to questions, very helpful.",positive
"The food was stale and tasteless, very unhappy.",negative
"Very pleased with my purchase, top-notch!",positive
"The product is okay, not great but not bad either. Nothing special.",neutral
"Product meets functional requirements, neutral quality.",neutral
"Packaging was sufficient, no issues noted. It's okay.",neutral
Item functions properly but nothing remarkable.,neutral
"Product is fantastic, couldn't be happier. Very satisfied with this.",positive
"The checkout process was fine, no issues. It's okay.",neutral
"Everything arrived on time, excellent service! Highly recommend!",positive
"Transaction went smoothly, nothing noteworthy. Nothing special.",neutral
Delivery was messy and product was faulty. Extremely disappointing.,negative
"Staff was polite, but it took a while to get assistance.",neutral
The staff was friendly and helped me choose the right item. Very satisfied with this.,positive
"App is buggy and crashes constantly, frustrating experience. Extremely disappointing.",negative
"Love the new features, makes my life so much easier. Very satisfied with this.",positive
"Packaging was insufficient, item damaged. Extremely disappointing.",negative
Extremely dissatisfied with the purchase.,negative
"App is buggy and crashes constantly, frustrating experience. Extremely disappointing.",negative
"Product quality is standard, nothing extraordinary. It's okay.",neutral
"It’s acceptable, does the job but nothing exceptional. Nothing special.",neutral
"Excellent quality, will buy again!",positive
"Item broke within days, completely unacceptable.",negative
Very unhappy with the service and quality.,negative
Product failed to work immediately upon arrival. Extremely disappointing.,negative
"Fast response to questions, very helpful. Very satisfied with this.",positive
Product does not match description at all. Would not buy again.,negative
"Received wrong item, very frustrating experience.",negative
"Everything arrived on time, excellent service! Highly recommend!",positive
Prices are ridiculously high for this poor quality. Would not buy again.,negative
"Item broke within days, completely unacceptable.",negative
"Service was terrible, very frustrated. Extremely disappointing.",negative
"Order arrived on time, product is average. It's okay.",neutral
Customer service was unhelpful and rude. Would not buy again.,negative
"Absolutely love this product, works perfectly every time! Very satisfied with this.",positive
"It’s acceptable, does the job but nothing exceptional.",neutral
Staff were unhelpful and rude.,negative
"Extremely disappointed, will not buy again.",negative
"High quality, exactly as described, very satisfied. Very satisfied with this.",positive
Easy checkout process and fast payment processing.,positive
"Staff was polite, but it took a while to get assistance. It's okay.",neutral
Very dissatisfied with the product and delivery. Extremely disappointing.,negative
"Excellent quality, will buy again!",positive
"Quality is terrible, not worth the price. Extremely disappointing.",negative
Prices are ridiculously high for this poor quality. Extremely disappointing.,negative
"It’s acceptable, does the job but nothing exceptional.",neutral
"Very pleased with my purchase, top-notch! Highly recommend!",positive
"Product arrived as described, average satisfaction. Nothing special.",neutral
"Fast response to questions, very helpful. Highly recommend!",positive
"Service was standard, nothing stood out. It's okay.",neutral
"Packaging was insufficient, item damaged.",negative
Staff were unhelpful and rude.,negative
Product failed to work immediately upon arrival. Extremely disappointing.,negative
"Highly satisfied, will definitely recommend.",positive
"Usable item, nothing particularly impressive.",neutral
"The product works fine, nothing special about it.",neutral
"Love the new features, makes my life so much easier.",positive
"Service was terrible, very frustrated. Would not buy again.",negative
"Great value for the price, very happy. Very satisfied with this.",positive
"Item works okay, nothing stood out.",neutral
"Great value for the price, very happy. Very satisfied with this.",positive
Prices are ridiculously high for this poor quality.,negative
"The food was stale and tasteless, very unhappy. Extremely disappointing.",negative
"Everything arrived on time, excellent service! Highly recommend!",positive
"Staff was rude and unhelpful, would not return.",negative
"Poor design and material, waste of money.",negative
Received expired or spoiled items.,negative
Very dissatisfied with the product and delivery. Would not buy again.,negative
"Packaging was insufficient, item damaged. Extremely disappointing.",negative
"Neutral experience, not memorable. It's okay.",neutral
"Item works okay, nothing stood out. Nothing special.",neutral
Process was smooth but standard.,neutral
"Delivery took too long, completely unacceptable.",negative
"The product is okay, not great but not bad either.",neutral
"Received what I expected, average quality.",neutral
"Adequate product, standard experience. Nothing special.",neutral
"Delivery was normal, no delays or surprises.",neutral
"Highly satisfied, will definitely recommend.",positive
"Delivery was normal, no delays or surprises. It's okay.",neutral
"Delivery was okay, arrived on time but packaging was average. Nothing special.",neutral
"Usable item, nothing particularly impressive.",neutral
The packaging was damaged and items were missing.,negative
"Item works okay, nothing stood out.",neutral
"Highly satisfied, will definitely recommend. Very satisfied with this.",positive
"Excellent quality, will buy again! Highly recommend!",positive
Extremely dissatisfied with the purchase. Would not buy again.,negative
Delivery was messy and item was faulty.,negative
"Delivery took too long, completely unacceptable. Would not buy again.",negative
Nothing unusual or remarkable in this purchase. It's okay.,neutral
"Service was terrible, very frustrated.",negative
"The product exceeded my expectations, highly recommend! Highly recommend!",positive
Very impressed with the quality and care. Very satisfied with this.,positive
Nothing unusual or remarkable in this purchase. It's okay.,neutral
Process was smooth but standard.,neutral
Very dissatisfied with the product and delivery. Would not buy again.,negative
"Delivery took too long, completely unacceptable. Extremely disappointing.",negative
Friendly staff and smooth shopping experience. Highly recommend!,positive
"It’s acceptable, does the job but nothing exceptional. Nothing special.",neutral
"Staff ignored my complaints, very bad experience.",negative
Prices are ridiculously high for this poor quality. Would not buy again.,negative
"Store is clean and organized, shopping was a breeze. Highly recommend!",positive
Product arrived quickly and in perfect condition. Highly recommend!,positive
"The product works fine, nothing special about it.",neutral
"Great value for the price, very happy. Highly recommend!",positive
"Staff ignored my complaints, very bad experience. Extremely disappointing.",negative
Quality is subpar and disappointing. Would not buy again.,negative
"Highly satisfied, will definitely recommend. Very satisfied with this.",positive
Product failed to work immediately upon arrival. Extremely disappointing.,negative
"Staff provided basic assistance, nothing extra.",neutral
"Fast response to questions, very helpful. Very satisfied with this.",positive
"Poor quality, did not meet my expectations at all.",negative
"Staff was rude and unhelpful, would not return.",negative
"High quality, exactly as described, very satisfied.",positive
"Service was terrible, very frustrated. Extremely disappointing.",negative
"Item was defective, completely unusable.",negative
"Service was standard, nothing stood out. It's okay.",neutral
"Highly satisfied, will definitely recommend. Highly recommend!",positive
Impressed by the overall experience. Very satisfied with this.,positive
"Item works okay, nothing stood out. Nothing special.",neutral
"Staff was rude and unhelpful, would not return.",negative
Friendly staff and smooth shopping experience.,positive
"Poor design and material, waste of money.",negative
"Delivery took too long, completely unacceptable. Extremely disappointing.",negative
"Extremely disappointed with the service, very slow response.",negative
Very impressed with the quality and care. Highly recommend!,positive
"Received wrong item, very frustrating experience.",negative
"Item was defective, completely unusable. Would not buy again.",negative
Friendly staff and smooth shopping experience. Highly recommend!,positive
"Poor design and material, waste of money. Extremely disappointing.",negative
Everything was seamless and efficient. Highly recommend!,positive
"Order arrived on time, product is average. It's okay.",neutral
"Highly satisfied, will definitely recommend. Highly recommend!",positive
"Received what I expected, average quality. Nothing special.",neutral
Everything was seamless and efficient.,positive
Very impressed with the quality and care. Very satisfied with this.,positive
Customer service was outstanding and quick.,positive
Easy checkout process and fast payment processing.,positive
"Product arrived as described, average satisfaction. It's okay.",neutral
"Order arrived on time, product is average.",neutral
"App is buggy and crashes constantly, frustrating experience. Would not buy again.",negative
"Staff ignored my complaints, very bad experience.",negative
Highly recommend to anyone looking for this item.,positive
The product met expectations adequately.,neutral
"Extremely disappointed, will not buy again.",negative
"Delivery took too long, completely unacceptable. Extremely disappointing.",negative
"Packaging was sufficient, no issues noted. Nothing special.",neutral
"Satisfactory service, neither good nor bad. Nothing special.",neutral
Packaging was secure and items arrived perfect.,positive
"Neutral experience, not memorable.",neutral
"The checkout process was fine, no issues. Nothing special.",neutral
Staff were unhelpful and rude.,negative
Product does not match description at all. Would not buy again.,negative
Fast delivery and the packaging was excellent.,positive
"Store is clean and organized, shopping was a breeze. Highly recommend!",positive
Staff were unhelpful and rude. Extremely disappointing.,negative
"Delivery was normal, no delays or surprises. Nothing special.",neutral
"Service was fine, not exceptional. It's okay.",neutral
"High quality, exactly as described, very satisfied. Highly recommend!",positive
"Product is fantastic, couldn't be happier. Highly recommend!",positive
"Extremely disappointed with the service, very slow response.",negative
Shipment was delayed and poorly handled.,negative
"Transaction went smoothly, nothing noteworthy.",neutral
Prices are ridiculously high for this poor quality. Would not buy again.,negative
"Poor quality, did not meet my expectations at all. Would not buy again.",negative
Very dissatisfied with the item and delivery.,negative
The product met expectations adequately. It's okay.,neutral
"Item broke within days, completely unacceptable.",negative
Extremely dissatisfied with the purchase.,negative
"Extremely disappointed, will not buy again.",negative
Order arrived early and item is perfect.,positive
Product failed to work immediately upon arrival. Extremely disappointing.,negative
"Fresh and well-packaged items, very happy with my order.",positive
Process was smooth but standard. It's okay.,neutral
"Very pleased with my purchase, top-notch! Highly recommend!",positive
"The product exceeded my expectations, highly recommend! Very satisfied with this.",positive
"Packaging was fine, no damages but nothing impressive.",neutral
"Quality is terrible, not worth the price.",negative
"High quality, exactly as described, very satisfied.",positive
"Product quality is standard, nothing extraordinary.",neutral
Very dissatisfied with the item and delivery.,negative
"Satisfactory service, neither good nor bad. It's okay.",neutral
"Fresh and well-packaged items, very happy with my order.",positive
"Packaging was insufficient, item damaged. Extremely disappointing.",negative
"Staff ignored my complaints, very bad experience. Would not buy again.",negative
Customer service was outstanding and quick. Highly recommend!,positive
"Love the new features, makes my life so much easier.",positive
Prices are ridiculously high for this poor quality.,negative
"Extremely disappointed, will not buy again.",negative
"Delivery took too long, completely unacceptable. Extremely disappointing.",negative
